Creator,POC
iamvictoriadoss,Trupti
vibe_finds,Khushi
_themotivationalmarketer,Trupti
antoninalgriffin,Trupti
trevor.cross,Khushi
palomaashop,Manini
jessica.santalucia,Rachit
elminiyoo,Rachit
branttakes,Manini
princesstori_00,Vansh
mattyyork0,Vansh
shopgoods.goob,Chanchal
bearthevoice3,Khushi
brayanjaimes48,Chanchal
leedark04,Chanchal
theaustinbrown,Shivangi
ericswanso,Trupti
lilred_diamond3,Shivangi
thomas.ruster,Khushi
k2sm1th,Vansh
ttshopfrozone,Manini
marcusdeals,Shivangi
themaxfinds,Trupti
asadfinds,Shivangi
bugg_hawkins,Rachit
iamsk8bordb,Shivangi
thevitalcart,Shivangi
itsleosfinds,Rachit
trey.fletch,Trupti
blondevixen59,Khushi
carterscorner_,Shivangi
naturally.me.recipes,Vansh
kenyenblitzz,Rachit
jernifcooks,Shivangi
realkalimuscle,Rachit
mommythingss,Rachit
starrdadoll,Manini
deals.by.dyl,Rachit
paulylong,Khushi
nathan_shops,Shivangi
velotoujour,Shivangi
our_tiktokcloset,Khushi
anthonnnyyy11,Chanchal
jacobien233,Vansh
jsndeals,Shivangi
chrystaelise,Rachit
chicoruizzz,Rachit
fillupandashley,Chanchal
quinclips3,Vansh
vanessaanaya30,Trupti
scottsdigs,Rachit
bischjj,Khushi
jrzjales,Vansh
thehuntervance,Shivangi
demarkreactz,Rachit
tony.laws,Rachit
staringaj,Shivangi
jsnyou,Shivangi
serenadavis,Chanchal
kokep_7,Chanchal
amandasikoralmusic,Trupti
barefootliving,Shivangi
trevor.top.picks,Khushi
chico.shop07,Vansh
thevaluablefinds,Vansh
stephanie_ann_05,Vansh
bestestshopfinds,Manini
ashybermudez,Saniya
susanluckhardt,Vansh
gravehoundbadger,Saniya
best.shop.finds12,Rachit
loganwalter05,Manini
imjennyfromtheshop,Vansh
discountdealt,Shivangi
itsjaxon404,Saniya
mackenziedaviz2,Khushi
clutchshopmark,Saniya
alexander.jha,Manini
alittlelesslace,Vansh
discountcomp,Vansh
wetalkshop,Saniya
shawn.plug,Vansh
hotshopdeals4u,Trupti
petit_chaud21,Trupti
tokshop_dealz,Shivangi
trendin.with.em,Saniya
origin_ali,Khushi
mercercaiden,Vansh
iamhae,Chanchal
peezykeepitp,Shivangi
doublediscount,Chanchal
cole_schwartz,Vansh
paseleshop,Trupti
flawkolito,Shivangi
deals4profit,Saniya
betterbybrian,Manini
eajyt,Manini
thedadperspective,Vansh
sophieabrams,Shivangi
explorearoundus,Shivangi
veezers812,Shivangi
samanthaalanaa12,Vansh
verifiedviews,Trupti
gmoneyh0,Shivangi
leida_rodas,Shivangi
thalldealz,Shivangi
lotuswellness8,Shivangi
kayetheldickerson,Shivangi
theknightdeals,Shivangi
oma.tips,Khushi
dailywellnesswithk,Khushi
richauntiereviews,Khushi
yourfriendzenna,Khushi
the_highheelhippie,Khushi
dpark_way2,Khushi
jeremylancetx,Khushi
tokshopash,Khushi
shopthisandthatco,Chanchal
confessionsfromthecloset,Chanchal
tshaw_girlconstruction,Chanchal
mrs_wong1,Chanchal
the_deal_bender,Chanchal
findzforyou3,Chanchal
zen.tree,Vansh
trendyfindsoasis2,Vansh
thefarmers91,Vansh
sydneypaigesway,Vansh
comprasconcarol,Vansh
daniloshopfinds,Manini
zach.finds,Manini
akobi_bantu,Manini
gabetypeshi,Manini
shopbyfran_,Manini
fabian.est.push,Unassigned
rawradar2,Manini
vampirodeals,Manini
miami.deals,Manini
josan.hgl,Manini
shellyrabbit72,Manini
tumejorsaluddiaria,Manini
somanythings913,Shivangi
filmvip51,Trupti
bendafindz,Trupti
islandfinds,Vansh
drizzle.deals,Chanchal
shopwitbeaast,Vansh
dealsbycaser,Rachit
myttsfindsss,Rachit
norvelys38,Khushi
adoseofwellness,
veronicalolar2,Vansh
dealsbyyyb,Shivangi
haleyannshop,Khushi
chillinos,Khushi
freeyourself777,Khushi
thania.aguirre,Shivangi
la_torres_1,Rachit
tesha.kaye2,Rachit
nathaliarestrepod,Manini
vero.sin.filtro,Rachit
golfvision,Rachit
discoverwithmarcus,Shivangi
tucarritonaranja1,Vansh
docmisterios,Shivangi
affiliatetammytaylor,Vansh
_mamiwander,Vansh
orangeshoppin,Shivangi
flowsdailydeals,Vansh
pointbreakrnce,Khushi
godsarchangel7,#N/A
taraontop,Vansh
ecdeals,Vansh
mrsbryan27,Vansh
chelchel1110,Khushi
hayliesfaves,Rachit
josina_munson,Vansh
empossibility,Vansh
shopsmart2809,Chanchal
heathbroome,Chanchal
laembajadoradedescuentos,Rachit
karijunesimpson,Shivangi
trywithkayy,Vansh
createdbykarina,Vansh
joshuarodolfoo,Manini
hoodfinds,Vansh
kim_k_recs,Shivangi
hellomrshockett,Khushi
shoelover99,Rachit
hansum.anthony.lets,
janice.abrahamsen,Khushi
coffeewithbritta,Shivangi
maybeinfluenced,Rachit
masteryoshishop,Trupti
influenced.edit,Rachit
mamawiferocha,Shivangi
wecangotospace,Shivangi
kzuni17,Rachit
tashaattshopbestie,Rachit
caroortizmama,Rachit
peepawknows,Khushi
calikellydeals,Rachit
nadafancy,Khushi
myfabfindss,Vansh
bestdealsever247,Unassigned
smart.beauty.finds,Rachit
belsbestfinds,Manini
sbmtravelfusion,Vansh
mom_n_jade_777,Rachit
shopdealsbyadrian,Vansh
Angelafindssales,Rachit
mcamila0301,Rachit
karenellieth13,Chanchal
jeff_el_colombiano,Vansh
kendallmills40,Rachit
o_m_briii,Rachit
nerlie_creates,Chanchal
natalyttshop,Khushi
rossytiktok80,Vansh
raquelkappner,Vansh
atziryttfinds,Manini
holistic.wellness.glow,Shivangi
beezan0s,Vansh
gigigonza7,Shivangi
rmaushop1904,Chanchal
naturalmax_jose2,Vansh
lilia_latinacreator,Rachit
nicole_loves_tacos,Shivangi
viral_bliss,Shivangi
kiatiktokfinds,
unreal_finds,Rachit
her.ancient.identity,
mjtriedit,Saniya
tiktoklivetrendyshop,Unassigned
nikkicocobeauty,Shivangi
orland.94,Trupti
treytintinger,Trupti
dailysmileglow,Trupti
shopdealsbytay,Khushi
uncvari,Khushi
Prints106,Chanchal
ghonakerh0,Shivangi
barefoot.plant.mama,Shivangi
Sashabeshopping,Chanchal
alex.christen6,Chanchal
almgenx,Chanchal
how_to_dad,Rachit
robe_finds,
shuayb_jhur,Manini
everyonesuddenlyvoice,Chanchal
dondleymaceus04,Chanchal
amaurieshop,Chanchal
trosemade,Chanchal
denisdealz,Chanchal
mikeputmeon,Chanchal
doubled.tips,Manini
le.liliana,Chanchal
cheli_ttsfinds,Chanchal
ttsaffiliateofficial,Trupti
msmombinh,Manini
joshjshowcase,Manini
ajlittle0902,Trupti
ctemotivation,Khushi
devovibes,Trupti
humble_beginnings26,Khushi
ssensoo,Manini
madzxkaz,Khushi
uncsrecs,Manini
ade.world.wide,Trupti
thearchig,Manini
thafront,Khushi
_eloseeoh,Manini
yunisa.madrid,Chanchal
michaelcommeyy,Khushi
ty_kodes,Chanchal
coachjeffalfa,Chanchal
kings.deals,Khushi
dailyyfinds,Chanchal
getrightivo,Manini
shopwithpeter,Khushi
lionbodyfitness,Khushi
crazy_shop_finds,Manini
jussypics,Khushi
oneslowchris,Trupti
dipti0305,Chanchal
prettypickedd,Shivangi
myroutineroom,Shivangi
sunnie.marie017,Chanchal
Berrybeedeals,Chanchal
Queen_of_deals,Chanchal
kriz0610,Chanchal
dailydealings,Chanchal
lets.bloom.togeth,Khushi
hooperfindz,Khushi
i.find.you.shop,Khushi
cheneyconcepts,Khushi
gabechidume,Unassigned
mercedeslopezcortez,Unassigned
shanemichaelsaffiliate,Unassigned
shopntru9,Unassigned
filmsandfitness,Unassigned
blackfridaybrian,Unassigned
countitup_jay,Unassigned
nateshopstealz,Trupti
bruceyfinds,Unassigned
keonasdeals,Unassigned
clark.finds,Unassigned
mellag,Unassigned
nutritionnestegg,Unassigned
validclipps,Unassigned
highvibeintuition,Unassigned
dealinwheelinshop,Unassigned
zachfindz,Unassigned
danilosipovac,Unassigned
drchrispharmd,Unassigned
maxifam8,Unassigned
shopwithmeagan,Unassigned
genxtrendingfinds,Unassigned
rachelshotfinds,Unassigned
jwkamwells,Unassigned
glaamshoppe,Unassigned
selfcareshero,Unassigned
chillinwithsammi,Unassigned
annie_wellness_lifestyle,Unassigned
paiigenadiine,Unassigned
chasesdealz,Unassigned
charlieshealthjourney7,Unassigned
sue.tiktok.shop,Unassigned
daiziemae33,Unassigned
enjeestyne,Unassigned
impulsivebuyaf,Unassigned
michellesnewworld,Unassigned
informativonatural,Manini
dealsbymax,Rachit
alexisolsonfitness,Unassigned
real.deal00,Unassigned
jadensfavorites,Unassigned
nicolemarso,Unassigned
traci.talks.too,Unassigned
barrondaze,Unassigned
coyia_curvymamahustle,Unassigned
iluvnaee,Unassigned
bunny.pickss,Unassigned
amznking,Unassigned
katmindset,Unassigned
inaaronwetrustttt,Unassigned
bitesizedlife_,Unassigned
thehomemakermama,Unassigned
electroyzm,Unassigned
marketerohispano,Unassigned
shopaholicismyname,Unassigned
amber.lynn.28,Unassigned
brendaann79,Unassigned
stacymalcolm2,Unassigned
cookies.adventure7,Unassigned
shopwithcornbread,Unassigned
shopwithviolet,Unassigned
elainevdvwidrick,Unassigned
kyholistichomestead,Unassigned
beavisdeals,Unassigned
ladylibbyo,Unassigned
clarofinds,Unassigned
ginareneereviewz,Unassigned
bombjigga,Unassigned
korenoverthinksit,Unassigned
donniesdealss,Unassigned
bella_bri_,Unassigned
sharonaustin20,Unassigned
robdailydeals,Unassigned
maya.shopwithme,Unassigned
hustlepapapaul,Unassigned
huntergrazianoo,Unassigned
dealstokk,Unassigned
luxurious.listing,Unassigned
christine.ttsfinds,Unassigned
justinivanlifts,Unassigned
jessicasttshopdeals,Unassigned
wisdomunboxed,Unassigned
destin.278,Unassigned
atomic_ave,Unassigned
brittsbeautyfinds,Unassigned
cavallimilliondeals,Unassigned
tiktok_shop_info,Unassigned
awalker_911,Unassigned
girlydogmom,Unassigned
godsarchangel759,Unassigned
shop.w.confidence,Unassigned
dailyelitefinds,Unassigned
sudierises,Unassigned
digitravels1,Shivangi
julie_skooli,Unassigned
leesorganiclife,Unassigned
dynamitedeals4you,Unassigned
lunagoddess.co,Unassigned
petesdeals,Unassigned
shopsbyrosen,Unassigned
francisbeto5,Unassigned
jared.palmer,Unassigned
natylove311,Unassigned
infiniteblessingsshop,Unassigned
westacupuncturewellness,Unassigned
pricejustdropped,Unassigned
justin_eguchi,Unassigned
thedailyboost101,Unassigned
soldiers.coming.ho,Unassigned
dbon973,Unassigned
famysaludparati,Unassigned
june_dunia,Unassigned
vitalcore13,Unassigned
i.am.sawanna,Unassigned
rmn.showcases,Unassigned
jjj3nnn,Unassigned
builtformore17,Unassigned
7risks,Unassigned
guilherme_moscat,Unassigned
"
guzman_selene1",Unassigned
itsnicolem2.0,Unassigned
catdealsss,Unassigned
jennlynnveal,Unassigned
silving95,Unassigned
shariyawise,Unassigned
dorm811,Unassigned
myloshop0,Unassigned
jessnotsimpson1,Shivangi
fitalex_101,Trupti
Knotips,Unassigned
trapdik,Unassigned
doesitshop,Unassigned
modernmexicancasita,Unassigned
dealsnstealsbyx,Unassigned
naturadeals,Unassigned
quinclips1,Unassigned
millertime2.0,Unassigned
thehealthytrainer,Unassigned
kirstengorges4,Unassigned
swugshop,Unassigned
fabian.3st,Khushi
healthtipsfyp,Unassigned
teamworktrend55,Unassigned
dealsection,Unassigned
dealvoyager,Unassigned
perfectly.goods,Unassigned
klentoomuch,Chanchal
ahorraconbianca,Unassigned
ajstayturnt1_,Unassigned
bestdeals233,Unassigned
crazydealsss,Unassigned
darlysmarianny,Unassigned
dealswithbenda,Unassigned
dslist,Unassigned
the.real.deal.d,Shivangi
foxysbaby,Unassigned
gdavehaiti,Khushi
heidi_gamez7108,Unassigned
henrycarbajal71,Unassigned
himarlyn_lifestyles,Unassigned
hslqytd05976,Unassigned
iamkeylinmejia5,Unassigned
balancedbyluke,Manini
"abdielvisuals
",Manini
moddy559,Manini
gusstavoofertas,Manini
kalufinds,Manini
mayerlin_1414,Manini
clark.finds,Manini
eod.supply,Manini
cp.steals,
vaentlno,
kipfit01,
dealfromg,
jesslau1980,Unassigned
justdroppedfinds,Unassigned
lancevlogz1,Unassigned
lisacorral28,Unassigned
mindblowingmeme,Unassigned
mrivanalv,Unassigned
notnickalexander,Unassigned
one_muscletok_,Unassigned
paulyfinds,Unassigned
shopshopshop22,Unassigned
simplywhyt,Unassigned
stasi.boo,Unassigned
thankg_o_dimnotliberal,Unassigned
verifiedprodaprobadoyse2,Unassigned
whosurge,Unassigned
yodeimiszinckemor,Unassigned
zuri.spinelli,Unassigned
8vick88,Unassigned
bernandina_28,Unassigned
officialcamm,Vansh
bigdealshub,Unassigned
chanosmellsswole,Unassigned
daddychris239__,Unassigned
destanidecor,Unassigned
dinashley1,Unassigned
dj_slickofficial,Unassigned
emilysshoppingcart,Unassigned
francyspaolabonilla,Unassigned
frantzande115,Unassigned
kadeforbeck,Unassigned
kaylinmhart1987,Unassigned
legenddfn,Unassigned
live2lovekim,Unassigned
leyonce23,Unassigned
lindada689,Unassigned
livestreamco,Unassigned
mateod168,Unassigned
mrszazou0027,Unassigned
ofertasdewally,Unassigned
reps.2.redemption,Unassigned
rodeoandwesternlifestyle,Unassigned
rodtapia,Unassigned
ronnyjohnson8131,Unassigned
savvymompreneur,Unassigned
sevilla_marbelly,Unassigned
shaenuh,Unassigned
skinwithcaity,Unassigned
theafricanqueen1,Unassigned
trineisevibes,Unassigned
_haleylately_,Unassigned
media.jg,Unassigned
probadopormatthew,Unassigned
shopjust4u,Unassigned
0.7026016,Unassigned
_trudy_lee,Unassigned
ahmadamire.afg,Unassigned
ayejerr_,Khushi
chipilinshop1,Unassigned
cutesonia333,Unassigned
db.sales.2024,Unassigned
dealsbyameen,Unassigned
haleysdailyhauls,Unassigned
jayce093,Unassigned
leafyunfiltered,Unassigned
mamasnay,Unassigned
perfection7m,Unassigned
punkindeals,Unassigned
rhondak01,Unassigned
s2rge,Unassigned
shopfyty,Unassigned
soymary_00,Unassigned
technic_ali,Unassigned
vxrc_matrix,Unassigned
xl066hu,Unassigned
moralaqueteenamora,Shivangi
dayoomakeup2000,Unassigned
gck_007,Unassigned
gtsdinerroo,Unassigned
jay.red_,Unassigned
navsdealfinds,Unassigned
socalbigjohn,Unassigned
yardie03,Unassigned
yusufog0,Unassigned
tizzyknow,Unassigned
benders.world,Unassigned
sammantha644,Unassigned
dealswithbrianv,Unassigned
luka.finds,Unassigned
alx_deals,Unassigned
ashleyanddillon,Unassigned
beatriztts1,Unassigned
chasing_sunsets111,Unassigned
dailyshopdealzz,Unassigned
el__sanchoo,Unassigned
eliteaura1,Unassigned
gingersfavoritez,Unassigned
hd.athlean,Unassigned
kangusa2,Unassigned
lylhealth,Unassigned
marissabanguraofficial,Unassigned
savemoney4you,Unassigned
snackscoops,Unassigned
swayaura_,Unassigned
themochastallion,Unassigned
xoxocticlili,Unassigned
_limxtless,Unassigned
chiefadnelite,Unassigned
kentuckyboundhustle,Unassigned
kraliche_83,Unassigned
motherofflowerss,Unassigned
mr._.kane,Unassigned
neshashari,Unassigned
phrankieeee,Unassigned
youresoprettypretty,Unassigned
abzshops,Unassigned
amandadodson896,Unassigned
cristianyarce,Saniya
chicanita619,Unassigned
jenn.dubb,Unassigned
jodiechestnut,Unassigned
marketokfinds,Unassigned
rodnerfigueroa,Trupti
dairon54,Unassigned
findinggdealz,Unassigned
wisenewdeals,Unassigned
333.finds,Unassigned
5.oh_motion,Unassigned
acvfinds,Unassigned
alex_6995,Unassigned
amariehealthupgrades,Unassigned
carls_deals,Unassigned
darkskinbeauty2,Unassigned
dealswithj_,Unassigned
tipsdedani,Rachit
fsvitality_deals,Unassigned
glazedfinds,Unassigned
jdeals4you,Unassigned
jessica.tanner.ttshop,Unassigned
kemberlieazenorr,Unassigned
luchyvaldez.26,Unassigned
mely.figue,Unassigned
osofinds,Unassigned
panterita1680,Unassigned
shanegysoblessed,Unassigned
soy.lachiki,Unassigned
sweetdealsdaily,Unassigned
trollface8751,Unassigned
tuvduhhhf,Unassigned
worththeecart,Unassigned
zarahfinds1,Unassigned
apb.ladii.tee,Unassigned
ballermarcoslive,Unassigned
chrystaljoythriving,Unassigned
crazycruisingcouple,Unassigned
fari884,Unassigned
jo__ssg,Unassigned
mondo_stax_,Unassigned
pena.nancy8,Unassigned
sofiahailegiorgis,Unassigned
teamwizzywiz,Unassigned
tijohnjean92,Unassigned
lindsay_wifey2.0,Unassigned
sssssshopfinds,Trupti
yova.tt,Trupti
travissosa11,Trupti
dailydealio,Trupti
isaacsshop,Trupti
kylemota2,Trupti
prestonkramer01,Trupti
lan83250,Trupti
cooltrendgifts,Trupti
shopalyssaboj,Trupti
doublethedeals,Trupti
schmeglysrevenge,Trupti
spriyoo,Trupti
gigiven07,Trupti
trippingaroundlife,Trupti
vanearevalo_3,Trupti
itstiffslife,Trupti
roserivort3,Trupti
joserprime,Trupti
chri_algo,Shivangi
buriticahustle,Shivangi
girlywhirlyfinds,Shivangi
ttdealsalways,Shivangi
captaindeals1,Shivangi
yourboybigmike,Shivangi
ozzyasks,Shivangi
va1uefinds,Shivangi
findsfortwo,Shivangi
elitedeals__,Shivangi
savewithgh,Shivangi
maxdealz0,Shivangi
dailyshopdealzz,Shivangi
dylanafzalii,Trupti
dealsbymassimo,Trupti
softschnelltaco,Trupti
tev.reviews,Trupti
becalmtwin,Trupti
frizznotrizz,Trupti
brevrin,Trupti
jeffrey.nguy,Trupti
beardedcotton,Rachit
gabegot_it,Rachit
misha.Finds,Rachit
27_sebastianv,Rachit
7dayshopdeals,Trupti
detected101,Trupti
rawsales,Trupti
abefit_,Trupti
zenmar98,Trupti
j0j0236,Trupti
jahjosephh,Trupti
smitty.zack,Trupti
dealsleuth4,Rachit
conversionbean,Trupti
bricesmithhh,Trupti
santigg___,Trupti
.winston_ledger,Trupti
danny.vergara,Trupti
dannyydeals,Trupti
bensbestdeals,Trupti
markhowell_,Trupti
,
unlockdeal,Trupti
charlasios,Rachit
kins.poppop,Rachit
zekedeals23,Rachit
kencadedenzel,Rachit
nalufinds,Rachit
doomskrollr,Rachit
albert4kt,Rachit
aidanwolff,Rachit
lifestyleessentialshub,Rachit
nemo_brawl,Rachit
buyitwyattt,Rachit
_leo.schneider_,Rachit
shopdealsbyrick,Rachit
jonybateman,Rachit
kbwelll,Rachit
naturalwellness_1,Rachit
kt.essentialss,Rachit
tiktokcart.gremlin,Rachit
andersonsfinds,Rachit
money.usa3,Shivangi
ayellosupply,Shivangi
apl.emri,Rachit
mr_finntastic,Rachit
andresdoesitbetter,Rachit
bmfinds0,Shivangi
shopwithbash,Shivangi
aa9skillzrecap,Khushi
dealstokk,Khushi
shop4thedeals,Khushi
devinshopdeals,Khushi
hs.reviews,Khushi
wellnessfinds_,Khushi
stevenfinds1,Khushi
yaboyhotway,Khushi
shopdealsbyseb,Khushi
dannysdailydeals,Khushi
shopdealsbycamh,Khushi
shoplikejse,Khushi
unicornwafflezz,Khushi
garfunkleshops,Khushi
bashbuysstuff,Khushi
dzreviews,Khushi
jshops223,Khushi
tswtf3,Khushi
goldenshopfinds,Khushi
onlynickybuys,Saniya
savemoney4you,Saniya
itzgabeok,Saniya
midwestmafia_,Saniya
ft.nateg,Saniya
walenshop09,Saniya
jacob.flowers17,Saniya
twinplugs,Saniya
chris.freshdailydeals,Saniya
introvertedforce,Saniya
danydelivers,Saniya
micersionshop,Saniya
hidden_gems44,Saniya
healthhubtok,Saniya
xenootiktokdeals,Saniya
retirementrealitycheck,Saniya
Verofavoritos,Chanchal
asodcutz,Shivangi
bid3lt,Shivangi
adqmj,Shivangi
aikuruki,Shivangi
martins_breaks,Chanchal
coopersfinds,Chanchal
cakes.by.cynthia,Chanchal
brittventuring,Rachit
julianvinascob,Trupti
gisselle.003,Trupti
longhairdontcare007,Shivangi
transformwithtodd,Shivangi
lanceshopfinds1,Trupti
shamsontv,Trupti
gregoryreactz,Trupti
findsbyjeff,Trupti
keivontay,Chanchal
lkop82,Shivangi
jamezthaplug,Shivangi
3ceua3.eua,Unassigned
itsmrcheers,Unassigned
jayrecommends2,Unassigned
kristojj,Chanchal
mymomismyhero22,Unassigned
nunuhabshawit,Unassigned
packrattttt,Unassigned
sammantha.rodrigu,Unassigned
shopwithlainenunes,Unassigned
treyfindsss,Unassigned
ugcpreneur,Unassigned
withthebickhams,Unassigned
yayel_md,Unassigned
realjennymariee__,Unassigned
tydyess7,Unassigned
world.ofwellness,Unassigned
disney_chic33,Unassigned
justeverydayfinds,Unassigned
tyshopdeals,Unassigned
bbscollection2.0,Unassigned
bbscollection3.0,Unassigned
benjaminzuniga1,Unassigned
binodmusicnperspective,Unassigned
denamariea,Unassigned
everyonesfavauntmeme,Unassigned
fernandamedranda94,Unassigned
jmjttshopdeals,Unassigned
livefabulously,Unassigned
lounaorneus,Unassigned
moehealthfinds,Unassigned
realdealsaf,Unassigned
s.karine7,Unassigned
seniaymario,Unassigned
sjfyp,Unassigned
therealchampayned,Unassigned
raddgirldad,Unassigned
joeyy808,Unassigned
moogeytv,Unassigned
a315690,Unassigned
danielreynoldsx,Unassigned
durgashiwakoti4,Unassigned
stealsforheels,Unassigned
taniadiaz114,Unassigned
top_1_guddy_go_go,Unassigned
taylor_thyme,Unassigned
mrspicklesmom,Saniya
jmhuff2,Saniya
martins_breaks,Chanchal
shopwithvicc,Trupti
scottobri2,Trupti
galloreal1,Trupti
joesdeals4u,Saniya
Ciao_Jayc,Saniya
dealswithbenda,Trupti
rebecahuffman,Trupti
medicenjuanshop,Shivangi
borgesjuanmanuel,Shivangi
millionare.mentaliity,Khushi
estebancol1989,Khushi
conor.bro,Khushi
betterbuytheday,Khushi
Hobfinds,Rachit
huddyfinds,Trupti
fabian.3st_,Khushi
onlyfreeship,Khushi
thefinalprice,Khushi
dailydealjosh3,Khushi
ttspaulking,Khushi
kimcess29,Khushi
jjbrothers0809,Trupti
deals4profit,Saniya
mjtriedit,Saniya
ft.nateg,Saniya
retirementrealitycheck,Saniya
mrspicklesmom,Saniya
jmhuff2,Saniya
joesdeals4u,Saniya
Ciao_Jayc,Saniya
eric.yaps,Saniya
seeking.superdeals,Saniya
moddy559,Saniya
chazz212,Saniya
zayferna,Saniya
nich_williams.jr,Chanchal
ds.dianasilva,Chanchal
legendaryloot,Chanchal
kaydealz,Chanchal
lmarcos07l,Khushi
jayytezz,Chanchal
dc.motor39,Chanchal
masihworld,Khushi